Total Nodes,986
Computation Time (ms),943
Node,PageRank
160,1.582454634758474E8
5,1.32173819219734E8
86,1.212901629095986E8
62,1.2069802071568465E8
107,1.1473718132103676E8
129,1.1235617665551715E8
106,1.0405825412518568E8
64,1.0333401241087836E8
121,1.0263444415280391E8
21,9.514082151296316E7
