Total Nodes,26518
Computation Time (ms),574012
Node,PageRank
68,0.6612578869017568
642,0.21349295083426728
58,0.11269458677234112
280,0.10899802657693454
994,0.0963420723621633
3300,0.09427877257093184
594,0.08936582895724848
3339,0.0887718773615166
15065,0.0785027880616994
17309,0.0768170410551508
