Total Nodes,6301
Computation Time (ms),19843
Node,PageRank
367,39.67164144711077
249,37.049781121675835
145,34.441962705727995
266,33.881705084971124
264,33.71716354815845
127,32.665043103665454
123,32.42924220102768
122,31.67023844875911
1317,31.361652895234016
5,30.878924353669053
